"GSM","SampleID","CellLine","Condition","BioGroup","BiologicalReplicate"
"GSM5604814","HCT116-2D-1","HCT116","2D","HCT116-2D-1","1"
"GSM5604822","HCT116-2D-2","HCT116","2D","HCT116-2D-2","2"
"GSM5604830","HCT116-2D-3","HCT116","2D","HCT116-2D-3","3"
"GSM5604718","HCT116-3D-1","HCT116","3D","HCT116-3D-1","1"
"GSM5604726","HCT116-3D-2","HCT116","3D","HCT116-3D-2","2"
"GSM5604734","HCT116-3D-3","HCT116","3D","HCT116-3D-3","3"
"GSM5604790","HT29-2D-1","HT29","2D","HT29-2D-1","1"
"GSM5604798","HT29-2D-2","HT29","2D","HT29-2D-2","2"
"GSM5604806","HT29-2D-3","HT29","2D","HT29-2D-3","3"
"GSM5604694","HT29-3D-1","HT29","3D","HT29-3D-1","1"
"GSM5604702","HT29-3D-3","HT29","3D","HT29-3D-3","2"
"GSM5604710","HT29-3D-4","HT29","3D","HT29-3D-4","3"
"GSM5604862","LS174T-2D-1","LS174T","2D","LS174T-2D-1","1"
"GSM5604870","LS174T-2D-2","LS174T","2D","LS174T-2D-2","2"
"GSM5604878","LS174T-2D-3","LS174T","2D","LS174T-2D-3","3"
"GSM5604766","LS174T-3D-1","LS174T","3D","LS174T-3D-1","1"
"GSM5604774","LS174T-3D-2","LS174T","3D","LS174T-3D-2","2"
"GSM5604782","LS174T-3D-3","LS174T","3D","LS174T-3D-3","3"
"GSM5604838","LS513-2D-1","LS513","2D","LS513-2D-1","1"
"GSM5604846","LS513-2D-2","LS513","2D","LS513-2D-2","2"
"GSM5604854","LS513-2D-3","LS513","2D","LS513-2D-3","3"
"GSM5604742","LS513-3D-1","LS513","3D","LS513-3D-1","1"
"GSM5604750","LS513-3D-2","LS513","3D","LS513-3D-2","2"
"GSM5604758","LS513-3D-3","LS513","3D","LS513-3D-3","3"
