"Gene","Comparison","log2FoldChange_Pairwise","pvalue_Pairwise","padj_Pairwise","Significant_Pairwise","CellLine","log2FoldChange_Within","pvalue_Within","padj_Within","Significant_Within"
"CCL2","HCT116_vs_LS174T",NA,NA,NA,FALSE,"HT29",NA,NA,NA,FALSE
"CCL2","HCT116_vs_LS174T",NA,NA,NA,FALSE,"HCT116",NA,NA,NA,FALSE
"CCL2","HCT116_vs_LS174T",NA,NA,NA,FALSE,"LS513",NA,NA,NA,FALSE
"CCL2","HCT116_vs_LS174T",NA,NA,NA,FALSE,"LS174T",NA,NA,NA,FALSE
"CCL2","HT29_vs_LS174T",NA,NA,NA,FALSE,"HT29",NA,NA,NA,FALSE
"CCL2","HT29_vs_LS174T",NA,NA,NA,FALSE,"HCT116",NA,NA,NA,FALSE
"CCL2","HT29_vs_LS174T",NA,NA,NA,FALSE,"LS513",NA,NA,NA,FALSE
"CCL2","HT29_vs_LS174T",NA,NA,NA,FALSE,"LS174T",NA,NA,NA,FALSE
"CCL2","HT29_vs_LS513",NA,NA,NA,FALSE,"HT29",NA,NA,NA,FALSE
"CCL2","HT29_vs_LS513",NA,NA,NA,FALSE,"HCT116",NA,NA,NA,FALSE
"CCL2","HT29_vs_LS513",NA,NA,NA,FALSE,"LS513",NA,NA,NA,FALSE
"CCL2","HT29_vs_LS513",NA,NA,NA,FALSE,"LS174T",NA,NA,NA,FALSE
"CCL2","HCT116_vs_HT29",NA,NA,NA,FALSE,"HT29",NA,NA,NA,FALSE
"CCL2","HCT116_vs_HT29",NA,NA,NA,FALSE,"HCT116",NA,NA,NA,FALSE
"CCL2","HCT116_vs_HT29",NA,NA,NA,FALSE,"LS513",NA,NA,NA,FALSE
"CCL2","HCT116_vs_HT29",NA,NA,NA,FALSE,"LS174T",NA,NA,NA,FALSE
"CCL2","HCT116_vs_LS513",NA,NA,NA,FALSE,"HT29",NA,NA,NA,FALSE
"CCL2","HCT116_vs_LS513",NA,NA,NA,FALSE,"HCT116",NA,NA,NA,FALSE
"CCL2","HCT116_vs_LS513",NA,NA,NA,FALSE,"LS513",NA,NA,NA,FALSE
"CCL2","HCT116_vs_LS513",NA,NA,NA,FALSE,"LS174T",NA,NA,NA,FALSE
"CCL2","LS174T_vs_LS513",NA,NA,NA,FALSE,"HT29",NA,NA,NA,FALSE
"CCL2","LS174T_vs_LS513",NA,NA,NA,FALSE,"HCT116",NA,NA,NA,FALSE
"CCL2","LS174T_vs_LS513",NA,NA,NA,FALSE,"LS513",NA,NA,NA,FALSE
"CCL2","LS174T_vs_LS513",NA,NA,NA,FALSE,"LS174T",NA,NA,NA,FALSE
"CCL3","HT29_vs_LS174T",NA,NA,NA,FALSE,"HT29",NA,NA,NA,FALSE
"CCL3","HT29_vs_LS174T",NA,NA,NA,FALSE,"HCT116",NA,NA,NA,FALSE
"CCL3","HT29_vs_LS174T",NA,NA,NA,FALSE,"LS174T",NA,NA,NA,FALSE
"CCL3","HT29_vs_LS174T",NA,NA,NA,FALSE,"LS513",NA,NA,NA,FALSE
"CCL3","HCT116_vs_HT29",NA,NA,NA,FALSE,"HT29",NA,NA,NA,FALSE
"CCL3","HCT116_vs_HT29",NA,NA,NA,FALSE,"HCT116",NA,NA,NA,FALSE
"CCL3","HCT116_vs_HT29",NA,NA,NA,FALSE,"LS174T",NA,NA,NA,FALSE
"CCL3","HCT116_vs_HT29",NA,NA,NA,FALSE,"LS513",NA,NA,NA,FALSE
"CCL3","HCT116_vs_LS174T",NA,NA,NA,FALSE,"HT29",NA,NA,NA,FALSE
"CCL3","HCT116_vs_LS174T",NA,NA,NA,FALSE,"HCT116",NA,NA,NA,FALSE
"CCL3","HCT116_vs_LS174T",NA,NA,NA,FALSE,"LS174T",NA,NA,NA,FALSE
"CCL3","HCT116_vs_LS174T",NA,NA,NA,FALSE,"LS513",NA,NA,NA,FALSE
"CCL3","HCT116_vs_LS513",NA,NA,NA,FALSE,"HT29",NA,NA,NA,FALSE
"CCL3","HCT116_vs_LS513",NA,NA,NA,FALSE,"HCT116",NA,NA,NA,FALSE
"CCL3","HCT116_vs_LS513",NA,NA,NA,FALSE,"LS174T",NA,NA,NA,FALSE
"CCL3","HCT116_vs_LS513",NA,NA,NA,FALSE,"LS513",NA,NA,NA,FALSE
"CCL3","HT29_vs_LS513",NA,NA,NA,FALSE,"HT29",NA,NA,NA,FALSE
"CCL3","HT29_vs_LS513",NA,NA,NA,FALSE,"HCT116",NA,NA,NA,FALSE
"CCL3","HT29_vs_LS513",NA,NA,NA,FALSE,"LS174T",NA,NA,NA,FALSE
"CCL3","HT29_vs_LS513",NA,NA,NA,FALSE,"LS513",NA,NA,NA,FALSE
"CCL3","LS174T_vs_LS513",NA,NA,NA,FALSE,"HT29",NA,NA,NA,FALSE
"CCL3","LS174T_vs_LS513",NA,NA,NA,FALSE,"HCT116",NA,NA,NA,FALSE
"CCL3","LS174T_vs_LS513",NA,NA,NA,FALSE,"LS174T",NA,NA,NA,FALSE
"CCL3","LS174T_vs_LS513",NA,NA,NA,FALSE,"LS513",NA,NA,NA,FALSE
"CCL4","LS174T_vs_LS513",NA,NA,NA,FALSE,"LS513",NA,NA,NA,FALSE
"CCL4","LS174T_vs_LS513",NA,NA,NA,FALSE,"HT29",NA,NA,NA,FALSE
"CCL4","LS174T_vs_LS513",NA,NA,NA,FALSE,"LS174T",NA,NA,NA,FALSE
"CCL4","LS174T_vs_LS513",NA,NA,NA,FALSE,"HCT116",NA,NA,NA,FALSE
"CCL4","HCT116_vs_HT29",NA,NA,NA,FALSE,"LS513",NA,NA,NA,FALSE
"CCL4","HCT116_vs_HT29",NA,NA,NA,FALSE,"HT29",NA,NA,NA,FALSE
"CCL4","HCT116_vs_HT29",NA,NA,NA,FALSE,"LS174T",NA,NA,NA,FALSE
"CCL4","HCT116_vs_HT29",NA,NA,NA,FALSE,"HCT116",NA,NA,NA,FALSE
"CCL4","HCT116_vs_LS174T",NA,NA,NA,FALSE,"LS513",NA,NA,NA,FALSE
"CCL4","HCT116_vs_LS174T",NA,NA,NA,FALSE,"HT29",NA,NA,NA,FALSE
"CCL4","HCT116_vs_LS174T",NA,NA,NA,FALSE,"LS174T",NA,NA,NA,FALSE
"CCL4","HCT116_vs_LS174T",NA,NA,NA,FALSE,"HCT116",NA,NA,NA,FALSE
"CCL4","HT29_vs_LS174T",NA,NA,NA,FALSE,"LS513",NA,NA,NA,FALSE
"CCL4","HT29_vs_LS174T",NA,NA,NA,FALSE,"HT29",NA,NA,NA,FALSE
"CCL4","HT29_vs_LS174T",NA,NA,NA,FALSE,"LS174T",NA,NA,NA,FALSE
"CCL4","HT29_vs_LS174T",NA,NA,NA,FALSE,"HCT116",NA,NA,NA,FALSE
"CCL4","HT29_vs_LS513",NA,NA,NA,FALSE,"LS513",NA,NA,NA,FALSE
"CCL4","HT29_vs_LS513",NA,NA,NA,FALSE,"HT29",NA,NA,NA,FALSE
"CCL4","HT29_vs_LS513",NA,NA,NA,FALSE,"LS174T",NA,NA,NA,FALSE
"CCL4","HT29_vs_LS513",NA,NA,NA,FALSE,"HCT116",NA,NA,NA,FALSE
"CCL4","HCT116_vs_LS513",NA,NA,NA,FALSE,"LS513",NA,NA,NA,FALSE
"CCL4","HCT116_vs_LS513",NA,NA,NA,FALSE,"HT29",NA,NA,NA,FALSE
"CCL4","HCT116_vs_LS513",NA,NA,NA,FALSE,"LS174T",NA,NA,NA,FALSE
"CCL4","HCT116_vs_LS513",NA,NA,NA,FALSE,"HCT116",NA,NA,NA,FALSE
"CCL5","HT29_vs_LS513",-1.69202860813627,9.59442924026889e-07,2.34726023900749e-06,TRUE,"LS513",1.6658828523244,2.23610373135184e-07,3.08489913945919e-06,TRUE
"CCL5","HT29_vs_LS513",-1.69202860813627,9.59442924026889e-07,2.34726023900749e-06,TRUE,"LS174T",NA,NA,NA,FALSE
"CCL5","HT29_vs_LS513",-1.69202860813627,9.59442924026889e-07,2.34726023900749e-06,TRUE,"HT29",2.49756896233233,1.24036702705399e-05,6.30232946097462e-05,TRUE
"CCL5","HT29_vs_LS513",-1.69202860813627,9.59442924026889e-07,2.34726023900749e-06,TRUE,"HCT116",1.73231291989385,0.0756916741946183,0.175035142598711,FALSE
"CCL5","HCT116_vs_HT29",-2.29849759351334,9.40250305328573e-08,2.05296944118944e-07,TRUE,"LS513",1.6658828523244,2.23610373135184e-07,3.08489913945919e-06,TRUE
"CCL5","HCT116_vs_HT29",-2.29849759351334,9.40250305328573e-08,2.05296944118944e-07,TRUE,"LS174T",NA,NA,NA,FALSE
"CCL5","HCT116_vs_HT29",-2.29849759351334,9.40250305328573e-08,2.05296944118944e-07,TRUE,"HT29",2.49756896233233,1.24036702705399e-05,6.30232946097462e-05,TRUE
"CCL5","HCT116_vs_HT29",-2.29849759351334,9.40250305328573e-08,2.05296944118944e-07,TRUE,"HCT116",1.73231291989385,0.0756916741946183,0.175035142598711,FALSE
"CCL5","HT29_vs_LS174T",7.01867472016747,5.79780991368363e-15,2.19406432683784e-14,TRUE,"LS513",1.6658828523244,2.23610373135184e-07,3.08489913945919e-06,TRUE
"CCL5","HT29_vs_LS174T",7.01867472016747,5.79780991368363e-15,2.19406432683784e-14,TRUE,"LS174T",NA,NA,NA,FALSE
"CCL5","HT29_vs_LS174T",7.01867472016747,5.79780991368363e-15,2.19406432683784e-14,TRUE,"HT29",2.49756896233233,1.24036702705399e-05,6.30232946097462e-05,TRUE
"CCL5","HT29_vs_LS174T",7.01867472016747,5.79780991368363e-15,2.19406432683784e-14,TRUE,"HCT116",1.73231291989385,0.0756916741946183,0.175035142598711,FALSE
"CCL5","LS174T_vs_LS513",-8.71070332830375,1.32777328681458e-22,8.69437020424587e-22,TRUE,"LS513",1.6658828523244,2.23610373135184e-07,3.08489913945919e-06,TRUE
"CCL5","LS174T_vs_LS513",-8.71070332830375,1.32777328681458e-22,8.69437020424587e-22,TRUE,"LS174T",NA,NA,NA,FALSE
"CCL5","LS174T_vs_LS513",-8.71070332830375,1.32777328681458e-22,8.69437020424587e-22,TRUE,"HT29",2.49756896233233,1.24036702705399e-05,6.30232946097462e-05,TRUE
"CCL5","LS174T_vs_LS513",-8.71070332830375,1.32777328681458e-22,8.69437020424587e-22,TRUE,"HCT116",1.73231291989385,0.0756916741946183,0.175035142598711,FALSE
"CCL5","HCT116_vs_LS174T",4.72017712665413,3.69391741894296e-07,8.0267069645721e-07,TRUE,"LS513",1.6658828523244,2.23610373135184e-07,3.08489913945919e-06,TRUE
"CCL5","HCT116_vs_LS174T",4.72017712665413,3.69391741894296e-07,8.0267069645721e-07,TRUE,"LS174T",NA,NA,NA,FALSE
"CCL5","HCT116_vs_LS174T",4.72017712665413,3.69391741894296e-07,8.0267069645721e-07,TRUE,"HT29",2.49756896233233,1.24036702705399e-05,6.30232946097462e-05,TRUE
"CCL5","HCT116_vs_LS174T",4.72017712665413,3.69391741894296e-07,8.0267069645721e-07,TRUE,"HCT116",1.73231291989385,0.0756916741946183,0.175035142598711,FALSE
"CCL5","HCT116_vs_LS513",-3.99052620164961,8.03143918412156e-22,3.46794338517923e-21,TRUE,"LS513",1.6658828523244,2.23610373135184e-07,3.08489913945919e-06,TRUE
"CCL5","HCT116_vs_LS513",-3.99052620164961,8.03143918412156e-22,3.46794338517923e-21,TRUE,"LS174T",NA,NA,NA,FALSE
"CCL5","HCT116_vs_LS513",-3.99052620164961,8.03143918412156e-22,3.46794338517923e-21,TRUE,"HT29",2.49756896233233,1.24036702705399e-05,6.30232946097462e-05,TRUE
"CCL5","HCT116_vs_LS513",-3.99052620164961,8.03143918412156e-22,3.46794338517923e-21,TRUE,"HCT116",1.73231291989385,0.0756916741946183,0.175035142598711,FALSE
"CCL7","HCT116_vs_HT29",NA,NA,NA,FALSE,"HT29",NA,NA,NA,FALSE
"CCL7","HCT116_vs_HT29",NA,NA,NA,FALSE,"HCT116",NA,NA,NA,FALSE
"CCL7","HCT116_vs_HT29",NA,NA,NA,FALSE,"LS513",NA,NA,NA,FALSE
"CCL7","HCT116_vs_HT29",NA,NA,NA,FALSE,"LS174T",NA,NA,NA,FALSE
"CCL7","HT29_vs_LS174T",NA,NA,NA,FALSE,"HT29",NA,NA,NA,FALSE
"CCL7","HT29_vs_LS174T",NA,NA,NA,FALSE,"HCT116",NA,NA,NA,FALSE
"CCL7","HT29_vs_LS174T",NA,NA,NA,FALSE,"LS513",NA,NA,NA,FALSE
"CCL7","HT29_vs_LS174T",NA,NA,NA,FALSE,"LS174T",NA,NA,NA,FALSE
"CCL7","LS174T_vs_LS513",NA,NA,NA,FALSE,"HT29",NA,NA,NA,FALSE
"CCL7","LS174T_vs_LS513",NA,NA,NA,FALSE,"HCT116",NA,NA,NA,FALSE
"CCL7","LS174T_vs_LS513",NA,NA,NA,FALSE,"LS513",NA,NA,NA,FALSE
"CCL7","LS174T_vs_LS513",NA,NA,NA,FALSE,"LS174T",NA,NA,NA,FALSE
"CCL7","HCT116_vs_LS174T",NA,NA,NA,FALSE,"HT29",NA,NA,NA,FALSE
"CCL7","HCT116_vs_LS174T",NA,NA,NA,FALSE,"HCT116",NA,NA,NA,FALSE
"CCL7","HCT116_vs_LS174T",NA,NA,NA,FALSE,"LS513",NA,NA,NA,FALSE
"CCL7","HCT116_vs_LS174T",NA,NA,NA,FALSE,"LS174T",NA,NA,NA,FALSE
"CCL7","HCT116_vs_LS513",NA,NA,NA,FALSE,"HT29",NA,NA,NA,FALSE
"CCL7","HCT116_vs_LS513",NA,NA,NA,FALSE,"HCT116",NA,NA,NA,FALSE
"CCL7","HCT116_vs_LS513",NA,NA,NA,FALSE,"LS513",NA,NA,NA,FALSE
"CCL7","HCT116_vs_LS513",NA,NA,NA,FALSE,"LS174T",NA,NA,NA,FALSE
"CCL7","HT29_vs_LS513",NA,NA,NA,FALSE,"HT29",NA,NA,NA,FALSE
"CCL7","HT29_vs_LS513",NA,NA,NA,FALSE,"HCT116",NA,NA,NA,FALSE
"CCL7","HT29_vs_LS513",NA,NA,NA,FALSE,"LS513",NA,NA,NA,FALSE
"CCL7","HT29_vs_LS513",NA,NA,NA,FALSE,"LS174T",NA,NA,NA,FALSE
"CCL8","HT29_vs_LS513",NA,NA,NA,FALSE,"LS513",NA,NA,NA,FALSE
"CCL8","HT29_vs_LS513",NA,NA,NA,FALSE,"LS174T",NA,NA,NA,FALSE
"CCL8","HT29_vs_LS513",NA,NA,NA,FALSE,"HT29",NA,NA,NA,FALSE
"CCL8","HT29_vs_LS513",NA,NA,NA,FALSE,"HCT116",NA,NA,NA,FALSE
"CCL8","LS174T_vs_LS513",NA,NA,NA,FALSE,"LS513",NA,NA,NA,FALSE
"CCL8","LS174T_vs_LS513",NA,NA,NA,FALSE,"LS174T",NA,NA,NA,FALSE
"CCL8","LS174T_vs_LS513",NA,NA,NA,FALSE,"HT29",NA,NA,NA,FALSE
"CCL8","LS174T_vs_LS513",NA,NA,NA,FALSE,"HCT116",NA,NA,NA,FALSE
"CCL8","HCT116_vs_HT29",NA,NA,NA,FALSE,"LS513",NA,NA,NA,FALSE
"CCL8","HCT116_vs_HT29",NA,NA,NA,FALSE,"LS174T",NA,NA,NA,FALSE
"CCL8","HCT116_vs_HT29",NA,NA,NA,FALSE,"HT29",NA,NA,NA,FALSE
"CCL8","HCT116_vs_HT29",NA,NA,NA,FALSE,"HCT116",NA,NA,NA,FALSE
"CCL8","HCT116_vs_LS174T",NA,NA,NA,FALSE,"LS513",NA,NA,NA,FALSE
"CCL8","HCT116_vs_LS174T",NA,NA,NA,FALSE,"LS174T",NA,NA,NA,FALSE
"CCL8","HCT116_vs_LS174T",NA,NA,NA,FALSE,"HT29",NA,NA,NA,FALSE
"CCL8","HCT116_vs_LS174T",NA,NA,NA,FALSE,"HCT116",NA,NA,NA,FALSE
"CCL8","HT29_vs_LS174T",NA,NA,NA,FALSE,"LS513",NA,NA,NA,FALSE
"CCL8","HT29_vs_LS174T",NA,NA,NA,FALSE,"LS174T",NA,NA,NA,FALSE
"CCL8","HT29_vs_LS174T",NA,NA,NA,FALSE,"HT29",NA,NA,NA,FALSE
"CCL8","HT29_vs_LS174T",NA,NA,NA,FALSE,"HCT116",NA,NA,NA,FALSE
"CCL8","HCT116_vs_LS513",NA,NA,NA,FALSE,"LS513",NA,NA,NA,FALSE
"CCL8","HCT116_vs_LS513",NA,NA,NA,FALSE,"LS174T",NA,NA,NA,FALSE
"CCL8","HCT116_vs_LS513",NA,NA,NA,FALSE,"HT29",NA,NA,NA,FALSE
"CCL8","HCT116_vs_LS513",NA,NA,NA,FALSE,"HCT116",NA,NA,NA,FALSE
"CCR2","HT29_vs_LS174T",-5.69777138769942,1.62284071501373e-08,4.13492085361474e-08,TRUE,"LS513",NA,NA,NA,FALSE
"CCR2","HT29_vs_LS174T",-5.69777138769942,1.62284071501373e-08,4.13492085361474e-08,TRUE,"LS174T",-0.906640384693022,0.0857418804560455,0.229086262380193,FALSE
"CCR2","HT29_vs_LS174T",-5.69777138769942,1.62284071501373e-08,4.13492085361474e-08,TRUE,"HT29",NA,NA,NA,FALSE
"CCR2","HT29_vs_LS174T",-5.69777138769942,1.62284071501373e-08,4.13492085361474e-08,TRUE,"HCT116",NA,NA,NA,FALSE
"CCR2","HT29_vs_LS513",0,1,1,FALSE,"LS513",NA,NA,NA,FALSE
"CCR2","HT29_vs_LS513",0,1,1,FALSE,"LS174T",-0.906640384693022,0.0857418804560455,0.229086262380193,FALSE
"CCR2","HT29_vs_LS513",0,1,1,FALSE,"HT29",NA,NA,NA,FALSE
"CCR2","HT29_vs_LS513",0,1,1,FALSE,"HCT116",NA,NA,NA,FALSE
"CCR2","HCT116_vs_HT29",0,1,1,FALSE,"LS513",NA,NA,NA,FALSE
"CCR2","HCT116_vs_HT29",0,1,1,FALSE,"LS174T",-0.906640384693022,0.0857418804560455,0.229086262380193,FALSE
"CCR2","HCT116_vs_HT29",0,1,1,FALSE,"HT29",NA,NA,NA,FALSE
"CCR2","HCT116_vs_HT29",0,1,1,FALSE,"HCT116",NA,NA,NA,FALSE
"CCR2","HCT116_vs_LS513",0,1,1,FALSE,"LS513",NA,NA,NA,FALSE
"CCR2","HCT116_vs_LS513",0,1,1,FALSE,"LS174T",-0.906640384693022,0.0857418804560455,0.229086262380193,FALSE
"CCR2","HCT116_vs_LS513",0,1,1,FALSE,"HT29",NA,NA,NA,FALSE
"CCR2","HCT116_vs_LS513",0,1,1,FALSE,"HCT116",NA,NA,NA,FALSE
"CCR2","LS174T_vs_LS513",5.86620119783754,6.06326632107006e-09,1.83035263271614e-08,TRUE,"LS513",NA,NA,NA,FALSE
"CCR2","LS174T_vs_LS513",5.86620119783754,6.06326632107006e-09,1.83035263271614e-08,TRUE,"LS174T",-0.906640384693022,0.0857418804560455,0.229086262380193,FALSE
"CCR2","LS174T_vs_LS513",5.86620119783754,6.06326632107006e-09,1.83035263271614e-08,TRUE,"HT29",NA,NA,NA,FALSE
"CCR2","LS174T_vs_LS513",5.86620119783754,6.06326632107006e-09,1.83035263271614e-08,TRUE,"HCT116",NA,NA,NA,FALSE
"CCR2","HCT116_vs_LS174T",-5.9051851453763,4.80868218584474e-09,1.20118364401155e-08,TRUE,"LS513",NA,NA,NA,FALSE
"CCR2","HCT116_vs_LS174T",-5.9051851453763,4.80868218584474e-09,1.20118364401155e-08,TRUE,"LS174T",-0.906640384693022,0.0857418804560455,0.229086262380193,FALSE
"CCR2","HCT116_vs_LS174T",-5.9051851453763,4.80868218584474e-09,1.20118364401155e-08,TRUE,"HT29",NA,NA,NA,FALSE
"CCR2","HCT116_vs_LS174T",-5.9051851453763,4.80868218584474e-09,1.20118364401155e-08,TRUE,"HCT116",NA,NA,NA,FALSE
"CCR5","HT29_vs_LS174T",NA,NA,NA,FALSE,"LS513",NA,NA,NA,FALSE
"CCR5","HT29_vs_LS174T",NA,NA,NA,FALSE,"LS174T",NA,NA,NA,FALSE
"CCR5","HT29_vs_LS174T",NA,NA,NA,FALSE,"HT29",NA,NA,NA,FALSE
"CCR5","HT29_vs_LS174T",NA,NA,NA,FALSE,"HCT116",NA,NA,NA,FALSE
"CCR5","HCT116_vs_LS513",NA,NA,NA,FALSE,"LS513",NA,NA,NA,FALSE
"CCR5","HCT116_vs_LS513",NA,NA,NA,FALSE,"LS174T",NA,NA,NA,FALSE
"CCR5","HCT116_vs_LS513",NA,NA,NA,FALSE,"HT29",NA,NA,NA,FALSE
"CCR5","HCT116_vs_LS513",NA,NA,NA,FALSE,"HCT116",NA,NA,NA,FALSE
"CCR5","HT29_vs_LS513",NA,NA,NA,FALSE,"LS513",NA,NA,NA,FALSE
"CCR5","HT29_vs_LS513",NA,NA,NA,FALSE,"LS174T",NA,NA,NA,FALSE
"CCR5","HT29_vs_LS513",NA,NA,NA,FALSE,"HT29",NA,NA,NA,FALSE
"CCR5","HT29_vs_LS513",NA,NA,NA,FALSE,"HCT116",NA,NA,NA,FALSE
"CCR5","LS174T_vs_LS513",NA,NA,NA,FALSE,"LS513",NA,NA,NA,FALSE
"CCR5","LS174T_vs_LS513",NA,NA,NA,FALSE,"LS174T",NA,NA,NA,FALSE
"CCR5","LS174T_vs_LS513",NA,NA,NA,FALSE,"HT29",NA,NA,NA,FALSE
"CCR5","LS174T_vs_LS513",NA,NA,NA,FALSE,"HCT116",NA,NA,NA,FALSE
"CCR5","HCT116_vs_HT29",NA,NA,NA,FALSE,"LS513",NA,NA,NA,FALSE
"CCR5","HCT116_vs_HT29",NA,NA,NA,FALSE,"LS174T",NA,NA,NA,FALSE
"CCR5","HCT116_vs_HT29",NA,NA,NA,FALSE,"HT29",NA,NA,NA,FALSE
"CCR5","HCT116_vs_HT29",NA,NA,NA,FALSE,"HCT116",NA,NA,NA,FALSE
"CCR5","HCT116_vs_LS174T",NA,NA,NA,FALSE,"LS513",NA,NA,NA,FALSE
"CCR5","HCT116_vs_LS174T",NA,NA,NA,FALSE,"LS174T",NA,NA,NA,FALSE
"CCR5","HCT116_vs_LS174T",NA,NA,NA,FALSE,"HT29",NA,NA,NA,FALSE
"CCR5","HCT116_vs_LS174T",NA,NA,NA,FALSE,"HCT116",NA,NA,NA,FALSE
"CX3CL1","HT29_vs_LS174T",NA,NA,NA,FALSE,"LS174T",NA,NA,NA,FALSE
"CX3CL1","HT29_vs_LS174T",NA,NA,NA,FALSE,"HT29",NA,NA,NA,FALSE
"CX3CL1","HT29_vs_LS174T",NA,NA,NA,FALSE,"LS513",NA,NA,NA,FALSE
"CX3CL1","HT29_vs_LS174T",NA,NA,NA,FALSE,"HCT116",NA,NA,NA,FALSE
"CX3CL1","HT29_vs_LS513",NA,NA,NA,FALSE,"LS174T",NA,NA,NA,FALSE
"CX3CL1","HT29_vs_LS513",NA,NA,NA,FALSE,"HT29",NA,NA,NA,FALSE
"CX3CL1","HT29_vs_LS513",NA,NA,NA,FALSE,"LS513",NA,NA,NA,FALSE
"CX3CL1","HT29_vs_LS513",NA,NA,NA,FALSE,"HCT116",NA,NA,NA,FALSE
"CX3CL1","HCT116_vs_HT29",NA,NA,NA,FALSE,"LS174T",NA,NA,NA,FALSE
"CX3CL1","HCT116_vs_HT29",NA,NA,NA,FALSE,"HT29",NA,NA,NA,FALSE
"CX3CL1","HCT116_vs_HT29",NA,NA,NA,FALSE,"LS513",NA,NA,NA,FALSE
"CX3CL1","HCT116_vs_HT29",NA,NA,NA,FALSE,"HCT116",NA,NA,NA,FALSE
"CX3CL1","HCT116_vs_LS174T",NA,NA,NA,FALSE,"LS174T",NA,NA,NA,FALSE
"CX3CL1","HCT116_vs_LS174T",NA,NA,NA,FALSE,"HT29",NA,NA,NA,FALSE
"CX3CL1","HCT116_vs_LS174T",NA,NA,NA,FALSE,"LS513",NA,NA,NA,FALSE
"CX3CL1","HCT116_vs_LS174T",NA,NA,NA,FALSE,"HCT116",NA,NA,NA,FALSE
"CX3CL1","HCT116_vs_LS513",NA,NA,NA,FALSE,"LS174T",NA,NA,NA,FALSE
"CX3CL1","HCT116_vs_LS513",NA,NA,NA,FALSE,"HT29",NA,NA,NA,FALSE
"CX3CL1","HCT116_vs_LS513",NA,NA,NA,FALSE,"LS513",NA,NA,NA,FALSE
"CX3CL1","HCT116_vs_LS513",NA,NA,NA,FALSE,"HCT116",NA,NA,NA,FALSE
"CX3CL1","LS174T_vs_LS513",NA,NA,NA,FALSE,"LS174T",NA,NA,NA,FALSE
"CX3CL1","LS174T_vs_LS513",NA,NA,NA,FALSE,"HT29",NA,NA,NA,FALSE
"CX3CL1","LS174T_vs_LS513",NA,NA,NA,FALSE,"LS513",NA,NA,NA,FALSE
"CX3CL1","LS174T_vs_LS513",NA,NA,NA,FALSE,"HCT116",NA,NA,NA,FALSE
"CX3CR1","HT29_vs_LS174T",NA,NA,NA,FALSE,"HT29",NA,NA,NA,FALSE
"CX3CR1","HT29_vs_LS174T",NA,NA,NA,FALSE,"HCT116",NA,NA,NA,FALSE
"CX3CR1","HT29_vs_LS174T",NA,NA,NA,FALSE,"LS174T",NA,NA,NA,FALSE
"CX3CR1","HT29_vs_LS174T",NA,NA,NA,FALSE,"LS513",NA,NA,NA,FALSE
"CX3CR1","HCT116_vs_HT29",NA,NA,NA,FALSE,"HT29",NA,NA,NA,FALSE
"CX3CR1","HCT116_vs_HT29",NA,NA,NA,FALSE,"HCT116",NA,NA,NA,FALSE
"CX3CR1","HCT116_vs_HT29",NA,NA,NA,FALSE,"LS174T",NA,NA,NA,FALSE
"CX3CR1","HCT116_vs_HT29",NA,NA,NA,FALSE,"LS513",NA,NA,NA,FALSE
"CX3CR1","HCT116_vs_LS174T",NA,NA,NA,FALSE,"HT29",NA,NA,NA,FALSE
"CX3CR1","HCT116_vs_LS174T",NA,NA,NA,FALSE,"HCT116",NA,NA,NA,FALSE
"CX3CR1","HCT116_vs_LS174T",NA,NA,NA,FALSE,"LS174T",NA,NA,NA,FALSE
"CX3CR1","HCT116_vs_LS174T",NA,NA,NA,FALSE,"LS513",NA,NA,NA,FALSE
"CX3CR1","HCT116_vs_LS513",NA,NA,NA,FALSE,"HT29",NA,NA,NA,FALSE
"CX3CR1","HCT116_vs_LS513",NA,NA,NA,FALSE,"HCT116",NA,NA,NA,FALSE
"CX3CR1","HCT116_vs_LS513",NA,NA,NA,FALSE,"LS174T",NA,NA,NA,FALSE
"CX3CR1","HCT116_vs_LS513",NA,NA,NA,FALSE,"LS513",NA,NA,NA,FALSE
"CX3CR1","HT29_vs_LS513",NA,NA,NA,FALSE,"HT29",NA,NA,NA,FALSE
"CX3CR1","HT29_vs_LS513",NA,NA,NA,FALSE,"HCT116",NA,NA,NA,FALSE
"CX3CR1","HT29_vs_LS513",NA,NA,NA,FALSE,"LS174T",NA,NA,NA,FALSE
"CX3CR1","HT29_vs_LS513",NA,NA,NA,FALSE,"LS513",NA,NA,NA,FALSE
"CX3CR1","LS174T_vs_LS513",NA,NA,NA,FALSE,"HT29",NA,NA,NA,FALSE
"CX3CR1","LS174T_vs_LS513",NA,NA,NA,FALSE,"HCT116",NA,NA,NA,FALSE
"CX3CR1","LS174T_vs_LS513",NA,NA,NA,FALSE,"LS174T",NA,NA,NA,FALSE
"CX3CR1","LS174T_vs_LS513",NA,NA,NA,FALSE,"LS513",NA,NA,NA,FALSE
"CXCL10","HCT116_vs_HT29",-3.31492604269097,4.52257068465041e-05,8.05566098169597e-05,TRUE,"LS513",NA,NA,NA,FALSE
"CXCL10","HCT116_vs_HT29",-3.31492604269097,4.52257068465041e-05,8.05566098169597e-05,TRUE,"HCT116",2.32977573794623,0.313744667188241,NA,FALSE
"CXCL10","HCT116_vs_HT29",-3.31492604269097,4.52257068465041e-05,8.05566098169597e-05,TRUE,"LS174T",-1.32919587286794,0.559049741071801,NA,FALSE
"CXCL10","HCT116_vs_HT29",-3.31492604269097,4.52257068465041e-05,8.05566098169597e-05,TRUE,"HT29",2.06123225045624,0.00910660676390268,0.0236513320181521,TRUE
"CXCL10","HT29_vs_LS174T",3.82038810922755,1.15766100555446e-05,2.37008940519003e-05,TRUE,"LS513",NA,NA,NA,FALSE
"CXCL10","HT29_vs_LS174T",3.82038810922755,1.15766100555446e-05,2.37008940519003e-05,TRUE,"HCT116",2.32977573794623,0.313744667188241,NA,FALSE
"CXCL10","HT29_vs_LS174T",3.82038810922755,1.15766100555446e-05,2.37008940519003e-05,TRUE,"LS174T",-1.32919587286794,0.559049741071801,NA,FALSE
"CXCL10","HT29_vs_LS174T",3.82038810922755,1.15766100555446e-05,2.37008940519003e-05,TRUE,"HT29",2.06123225045624,0.00910660676390268,0.0236513320181521,TRUE
"CXCL10","HT29_vs_LS513",5.54981429783852,2.1780850468211e-08,6.02243762626637e-08,TRUE,"LS513",NA,NA,NA,FALSE
"CXCL10","HT29_vs_LS513",5.54981429783852,2.1780850468211e-08,6.02243762626637e-08,TRUE,"HCT116",2.32977573794623,0.313744667188241,NA,FALSE
"CXCL10","HT29_vs_LS513",5.54981429783852,2.1780850468211e-08,6.02243762626637e-08,TRUE,"LS174T",-1.32919587286794,0.559049741071801,NA,FALSE
"CXCL10","HT29_vs_LS513",5.54981429783852,2.1780850468211e-08,6.02243762626637e-08,TRUE,"HT29",2.06123225045624,0.00910660676390268,0.0236513320181521,TRUE
"CXCL10","LS174T_vs_LS513",1.72942618861097,0.145270170541674,0.191445577663162,FALSE,"LS513",NA,NA,NA,FALSE
"CXCL10","LS174T_vs_LS513",1.72942618861097,0.145270170541674,0.191445577663162,FALSE,"HCT116",2.32977573794623,0.313744667188241,NA,FALSE
"CXCL10","LS174T_vs_LS513",1.72942618861097,0.145270170541674,0.191445577663162,FALSE,"LS174T",-1.32919587286794,0.559049741071801,NA,FALSE
"CXCL10","LS174T_vs_LS513",1.72942618861097,0.145270170541674,0.191445577663162,FALSE,"HT29",2.06123225045624,0.00910660676390268,0.0236513320181521,TRUE
"CXCL10","HCT116_vs_LS174T",0.505462066536579,0.626745829455681,0.673281568999334,FALSE,"LS513",NA,NA,NA,FALSE
"CXCL10","HCT116_vs_LS174T",0.505462066536579,0.626745829455681,0.673281568999334,FALSE,"HCT116",2.32977573794623,0.313744667188241,NA,FALSE
"CXCL10","HCT116_vs_LS174T",0.505462066536579,0.626745829455681,0.673281568999334,FALSE,"LS174T",-1.32919587286794,0.559049741071801,NA,FALSE
"CXCL10","HCT116_vs_LS174T",0.505462066536579,0.626745829455681,0.673281568999334,FALSE,"HT29",2.06123225045624,0.00910660676390268,0.0236513320181521,TRUE
"CXCL10","HCT116_vs_LS513",2.23488825514755,0.0511260856271462,0.0670728504111456,FALSE,"LS513",NA,NA,NA,FALSE
"CXCL10","HCT116_vs_LS513",2.23488825514755,0.0511260856271462,0.0670728504111456,FALSE,"HCT116",2.32977573794623,0.313744667188241,NA,FALSE
"CXCL10","HCT116_vs_LS513",2.23488825514755,0.0511260856271462,0.0670728504111456,FALSE,"LS174T",-1.32919587286794,0.559049741071801,NA,FALSE
"CXCL10","HCT116_vs_LS513",2.23488825514755,0.0511260856271462,0.0670728504111456,FALSE,"HT29",2.06123225045624,0.00910660676390268,0.0236513320181521,TRUE
"CXCL11","HT29_vs_LS174T",NA,NA,NA,FALSE,"LS513",NA,NA,NA,FALSE
"CXCL11","HT29_vs_LS174T",NA,NA,NA,FALSE,"LS174T",NA,NA,NA,FALSE
"CXCL11","HT29_vs_LS174T",NA,NA,NA,FALSE,"HT29",NA,NA,NA,FALSE
"CXCL11","HT29_vs_LS174T",NA,NA,NA,FALSE,"HCT116",NA,NA,NA,FALSE
"CXCL11","HT29_vs_LS513",NA,NA,NA,FALSE,"LS513",NA,NA,NA,FALSE
"CXCL11","HT29_vs_LS513",NA,NA,NA,FALSE,"LS174T",NA,NA,NA,FALSE
"CXCL11","HT29_vs_LS513",NA,NA,NA,FALSE,"HT29",NA,NA,NA,FALSE
"CXCL11","HT29_vs_LS513",NA,NA,NA,FALSE,"HCT116",NA,NA,NA,FALSE
"CXCL11","LS174T_vs_LS513",NA,NA,NA,FALSE,"LS513",NA,NA,NA,FALSE
"CXCL11","LS174T_vs_LS513",NA,NA,NA,FALSE,"LS174T",NA,NA,NA,FALSE
"CXCL11","LS174T_vs_LS513",NA,NA,NA,FALSE,"HT29",NA,NA,NA,FALSE
"CXCL11","LS174T_vs_LS513",NA,NA,NA,FALSE,"HCT116",NA,NA,NA,FALSE
"CXCL11","HCT116_vs_HT29",NA,NA,NA,FALSE,"LS513",NA,NA,NA,FALSE
"CXCL11","HCT116_vs_HT29",NA,NA,NA,FALSE,"LS174T",NA,NA,NA,FALSE
"CXCL11","HCT116_vs_HT29",NA,NA,NA,FALSE,"HT29",NA,NA,NA,FALSE
"CXCL11","HCT116_vs_HT29",NA,NA,NA,FALSE,"HCT116",NA,NA,NA,FALSE
"CXCL11","HCT116_vs_LS174T",NA,NA,NA,FALSE,"LS513",NA,NA,NA,FALSE
"CXCL11","HCT116_vs_LS174T",NA,NA,NA,FALSE,"LS174T",NA,NA,NA,FALSE
"CXCL11","HCT116_vs_LS174T",NA,NA,NA,FALSE,"HT29",NA,NA,NA,FALSE
"CXCL11","HCT116_vs_LS174T",NA,NA,NA,FALSE,"HCT116",NA,NA,NA,FALSE
"CXCL11","HCT116_vs_LS513",NA,NA,NA,FALSE,"LS513",NA,NA,NA,FALSE
"CXCL11","HCT116_vs_LS513",NA,NA,NA,FALSE,"LS174T",NA,NA,NA,FALSE
"CXCL11","HCT116_vs_LS513",NA,NA,NA,FALSE,"HT29",NA,NA,NA,FALSE
"CXCL11","HCT116_vs_LS513",NA,NA,NA,FALSE,"HCT116",NA,NA,NA,FALSE
"CXCL12","HT29_vs_LS174T",NA,NA,NA,FALSE,"LS513",NA,NA,NA,FALSE
"CXCL12","HT29_vs_LS174T",NA,NA,NA,FALSE,"HT29",NA,NA,NA,FALSE
"CXCL12","HT29_vs_LS174T",NA,NA,NA,FALSE,"LS174T",NA,NA,NA,FALSE
"CXCL12","HT29_vs_LS174T",NA,NA,NA,FALSE,"HCT116",NA,NA,NA,FALSE
"CXCL12","HCT116_vs_LS174T",NA,NA,NA,FALSE,"LS513",NA,NA,NA,FALSE
"CXCL12","HCT116_vs_LS174T",NA,NA,NA,FALSE,"HT29",NA,NA,NA,FALSE
"CXCL12","HCT116_vs_LS174T",NA,NA,NA,FALSE,"LS174T",NA,NA,NA,FALSE
"CXCL12","HCT116_vs_LS174T",NA,NA,NA,FALSE,"HCT116",NA,NA,NA,FALSE
"CXCL12","HCT116_vs_LS513",NA,NA,NA,FALSE,"LS513",NA,NA,NA,FALSE
"CXCL12","HCT116_vs_LS513",NA,NA,NA,FALSE,"HT29",NA,NA,NA,FALSE
"CXCL12","HCT116_vs_LS513",NA,NA,NA,FALSE,"LS174T",NA,NA,NA,FALSE
"CXCL12","HCT116_vs_LS513",NA,NA,NA,FALSE,"HCT116",NA,NA,NA,FALSE
"CXCL12","HT29_vs_LS513",NA,NA,NA,FALSE,"LS513",NA,NA,NA,FALSE
"CXCL12","HT29_vs_LS513",NA,NA,NA,FALSE,"HT29",NA,NA,NA,FALSE
"CXCL12","HT29_vs_LS513",NA,NA,NA,FALSE,"LS174T",NA,NA,NA,FALSE
"CXCL12","HT29_vs_LS513",NA,NA,NA,FALSE,"HCT116",NA,NA,NA,FALSE
"CXCL12","LS174T_vs_LS513",NA,NA,NA,FALSE,"LS513",NA,NA,NA,FALSE
"CXCL12","LS174T_vs_LS513",NA,NA,NA,FALSE,"HT29",NA,NA,NA,FALSE
"CXCL12","LS174T_vs_LS513",NA,NA,NA,FALSE,"LS174T",NA,NA,NA,FALSE
"CXCL12","LS174T_vs_LS513",NA,NA,NA,FALSE,"HCT116",NA,NA,NA,FALSE
"CXCL12","HCT116_vs_HT29",NA,NA,NA,FALSE,"LS513",NA,NA,NA,FALSE
"CXCL12","HCT116_vs_HT29",NA,NA,NA,FALSE,"HT29",NA,NA,NA,FALSE
"CXCL12","HCT116_vs_HT29",NA,NA,NA,FALSE,"LS174T",NA,NA,NA,FALSE
"CXCL12","HCT116_vs_HT29",NA,NA,NA,FALSE,"HCT116",NA,NA,NA,FALSE
"CXCL16","HCT116_vs_HT29",2.57639845636018,2.86180480782986e-66,5.18425923978407e-65,TRUE,"LS513",0.707587664559103,2.55919470210799e-16,1.43840529165955e-14,FALSE
"CXCL16","HCT116_vs_HT29",2.57639845636018,2.86180480782986e-66,5.18425923978407e-65,TRUE,"HCT116",0.351663719795158,0.018673778161894,0.0593364245237567,FALSE
"CXCL16","HCT116_vs_HT29",2.57639845636018,2.86180480782986e-66,5.18425923978407e-65,TRUE,"LS174T",-0.061148228422708,0.69276916713628,0.820053655179131,FALSE
"CXCL16","HCT116_vs_HT29",2.57639845636018,2.86180480782986e-66,5.18425923978407e-65,TRUE,"HT29",-0.365324524760615,0.0151828916474646,0.037010103912602,FALSE
"CXCL16","HT29_vs_LS174T",-2.98438501779149,1.82358389530788e-88,6.01906318258062e-87,TRUE,"LS513",0.707587664559103,2.55919470210799e-16,1.43840529165955e-14,FALSE
"CXCL16","HT29_vs_LS174T",-2.98438501779149,1.82358389530788e-88,6.01906318258062e-87,TRUE,"HCT116",0.351663719795158,0.018673778161894,0.0593364245237567,FALSE
"CXCL16","HT29_vs_LS174T",-2.98438501779149,1.82358389530788e-88,6.01906318258062e-87,TRUE,"LS174T",-0.061148228422708,0.69276916713628,0.820053655179131,FALSE
"CXCL16","HT29_vs_LS174T",-2.98438501779149,1.82358389530788e-88,6.01906318258062e-87,TRUE,"HT29",-0.365324524760615,0.0151828916474646,0.037010103912602,FALSE
"CXCL16","HT29_vs_LS513",-3.31351639854435,1.0828903185706e-108,6.54913231796393e-107,TRUE,"LS513",0.707587664559103,2.55919470210799e-16,1.43840529165955e-14,FALSE
"CXCL16","HT29_vs_LS513",-3.31351639854435,1.0828903185706e-108,6.54913231796393e-107,TRUE,"HCT116",0.351663719795158,0.018673778161894,0.0593364245237567,FALSE
"CXCL16","HT29_vs_LS513",-3.31351639854435,1.0828903185706e-108,6.54913231796393e-107,TRUE,"LS174T",-0.061148228422708,0.69276916713628,0.820053655179131,FALSE
"CXCL16","HT29_vs_LS513",-3.31351639854435,1.0828903185706e-108,6.54913231796393e-107,TRUE,"HT29",-0.365324524760615,0.0151828916474646,0.037010103912602,FALSE
"CXCL16","LS174T_vs_LS513",-0.32913138075286,0.0240731270847288,0.0367283043597625,FALSE,"LS513",0.707587664559103,2.55919470210799e-16,1.43840529165955e-14,FALSE
"CXCL16","LS174T_vs_LS513",-0.32913138075286,0.0240731270847288,0.0367283043597625,FALSE,"HCT116",0.351663719795158,0.018673778161894,0.0593364245237567,FALSE
"CXCL16","LS174T_vs_LS513",-0.32913138075286,0.0240731270847288,0.0367283043597625,FALSE,"LS174T",-0.061148228422708,0.69276916713628,0.820053655179131,FALSE
"CXCL16","LS174T_vs_LS513",-0.32913138075286,0.0240731270847288,0.0367283043597625,FALSE,"HT29",-0.365324524760615,0.0151828916474646,0.037010103912602,FALSE
"CXCL16","HCT116_vs_LS174T",-0.407986561431308,0.00523695350802672,0.00782209177905449,FALSE,"LS513",0.707587664559103,2.55919470210799e-16,1.43840529165955e-14,FALSE
"CXCL16","HCT116_vs_LS174T",-0.407986561431308,0.00523695350802672,0.00782209177905449,FALSE,"HCT116",0.351663719795158,0.018673778161894,0.0593364245237567,FALSE
"CXCL16","HCT116_vs_LS174T",-0.407986561431308,0.00523695350802672,0.00782209177905449,FALSE,"LS174T",-0.061148228422708,0.69276916713628,0.820053655179131,FALSE
"CXCL16","HCT116_vs_LS174T",-0.407986561431308,0.00523695350802672,0.00782209177905449,FALSE,"HT29",-0.365324524760615,0.0151828916474646,0.037010103912602,FALSE
"CXCL16","HCT116_vs_LS513",-0.737117942184168,4.4955572150318e-07,9.20572883338898e-07,FALSE,"LS513",0.707587664559103,2.55919470210799e-16,1.43840529165955e-14,FALSE
"CXCL16","HCT116_vs_LS513",-0.737117942184168,4.4955572150318e-07,9.20572883338898e-07,FALSE,"HCT116",0.351663719795158,0.018673778161894,0.0593364245237567,FALSE
"CXCL16","HCT116_vs_LS513",-0.737117942184168,4.4955572150318e-07,9.20572883338898e-07,FALSE,"LS174T",-0.061148228422708,0.69276916713628,0.820053655179131,FALSE
"CXCL16","HCT116_vs_LS513",-0.737117942184168,4.4955572150318e-07,9.20572883338898e-07,FALSE,"HT29",-0.365324524760615,0.0151828916474646,0.037010103912602,FALSE
"CXCL9","HCT116_vs_HT29",NA,NA,NA,FALSE,"HCT116",NA,NA,NA,FALSE
"CXCL9","HCT116_vs_HT29",NA,NA,NA,FALSE,"HT29",NA,NA,NA,FALSE
"CXCL9","HCT116_vs_HT29",NA,NA,NA,FALSE,"LS513",NA,NA,NA,FALSE
"CXCL9","HCT116_vs_HT29",NA,NA,NA,FALSE,"LS174T",NA,NA,NA,FALSE
"CXCL9","HCT116_vs_LS174T",NA,NA,NA,FALSE,"HCT116",NA,NA,NA,FALSE
"CXCL9","HCT116_vs_LS174T",NA,NA,NA,FALSE,"HT29",NA,NA,NA,FALSE
"CXCL9","HCT116_vs_LS174T",NA,NA,NA,FALSE,"LS513",NA,NA,NA,FALSE
"CXCL9","HCT116_vs_LS174T",NA,NA,NA,FALSE,"LS174T",NA,NA,NA,FALSE
"CXCL9","HT29_vs_LS174T",NA,NA,NA,FALSE,"HCT116",NA,NA,NA,FALSE
"CXCL9","HT29_vs_LS174T",NA,NA,NA,FALSE,"HT29",NA,NA,NA,FALSE
"CXCL9","HT29_vs_LS174T",NA,NA,NA,FALSE,"LS513",NA,NA,NA,FALSE
"CXCL9","HT29_vs_LS174T",NA,NA,NA,FALSE,"LS174T",NA,NA,NA,FALSE
"CXCL9","HT29_vs_LS513",NA,NA,NA,FALSE,"HCT116",NA,NA,NA,FALSE
"CXCL9","HT29_vs_LS513",NA,NA,NA,FALSE,"HT29",NA,NA,NA,FALSE
"CXCL9","HT29_vs_LS513",NA,NA,NA,FALSE,"LS513",NA,NA,NA,FALSE
"CXCL9","HT29_vs_LS513",NA,NA,NA,FALSE,"LS174T",NA,NA,NA,FALSE
"CXCL9","LS174T_vs_LS513",NA,NA,NA,FALSE,"HCT116",NA,NA,NA,FALSE
"CXCL9","LS174T_vs_LS513",NA,NA,NA,FALSE,"HT29",NA,NA,NA,FALSE
"CXCL9","LS174T_vs_LS513",NA,NA,NA,FALSE,"LS513",NA,NA,NA,FALSE
"CXCL9","LS174T_vs_LS513",NA,NA,NA,FALSE,"LS174T",NA,NA,NA,FALSE
"CXCL9","HCT116_vs_LS513",NA,NA,NA,FALSE,"HCT116",NA,NA,NA,FALSE
"CXCL9","HCT116_vs_LS513",NA,NA,NA,FALSE,"HT29",NA,NA,NA,FALSE
"CXCL9","HCT116_vs_LS513",NA,NA,NA,FALSE,"LS513",NA,NA,NA,FALSE
"CXCL9","HCT116_vs_LS513",NA,NA,NA,FALSE,"LS174T",NA,NA,NA,FALSE
"CXCR3","HT29_vs_LS174T",NA,NA,NA,FALSE,"LS174T",NA,NA,NA,FALSE
"CXCR3","HT29_vs_LS174T",NA,NA,NA,FALSE,"HT29",NA,NA,NA,FALSE
"CXCR3","HT29_vs_LS174T",NA,NA,NA,FALSE,"LS513",NA,NA,NA,FALSE
"CXCR3","HT29_vs_LS174T",NA,NA,NA,FALSE,"HCT116",NA,NA,NA,FALSE
"CXCR3","HT29_vs_LS513",NA,NA,NA,FALSE,"LS174T",NA,NA,NA,FALSE
"CXCR3","HT29_vs_LS513",NA,NA,NA,FALSE,"HT29",NA,NA,NA,FALSE
"CXCR3","HT29_vs_LS513",NA,NA,NA,FALSE,"LS513",NA,NA,NA,FALSE
"CXCR3","HT29_vs_LS513",NA,NA,NA,FALSE,"HCT116",NA,NA,NA,FALSE
"CXCR3","HCT116_vs_HT29",NA,NA,NA,FALSE,"LS174T",NA,NA,NA,FALSE
"CXCR3","HCT116_vs_HT29",NA,NA,NA,FALSE,"HT29",NA,NA,NA,FALSE
"CXCR3","HCT116_vs_HT29",NA,NA,NA,FALSE,"LS513",NA,NA,NA,FALSE
"CXCR3","HCT116_vs_HT29",NA,NA,NA,FALSE,"HCT116",NA,NA,NA,FALSE
"CXCR3","HCT116_vs_LS174T",NA,NA,NA,FALSE,"LS174T",NA,NA,NA,FALSE
"CXCR3","HCT116_vs_LS174T",NA,NA,NA,FALSE,"HT29",NA,NA,NA,FALSE
"CXCR3","HCT116_vs_LS174T",NA,NA,NA,FALSE,"LS513",NA,NA,NA,FALSE
"CXCR3","HCT116_vs_LS174T",NA,NA,NA,FALSE,"HCT116",NA,NA,NA,FALSE
"CXCR3","HCT116_vs_LS513",NA,NA,NA,FALSE,"LS174T",NA,NA,NA,FALSE
"CXCR3","HCT116_vs_LS513",NA,NA,NA,FALSE,"HT29",NA,NA,NA,FALSE
"CXCR3","HCT116_vs_LS513",NA,NA,NA,FALSE,"LS513",NA,NA,NA,FALSE
"CXCR3","HCT116_vs_LS513",NA,NA,NA,FALSE,"HCT116",NA,NA,NA,FALSE
"CXCR3","LS174T_vs_LS513",NA,NA,NA,FALSE,"LS174T",NA,NA,NA,FALSE
"CXCR3","LS174T_vs_LS513",NA,NA,NA,FALSE,"HT29",NA,NA,NA,FALSE
"CXCR3","LS174T_vs_LS513",NA,NA,NA,FALSE,"LS513",NA,NA,NA,FALSE
"CXCR3","LS174T_vs_LS513",NA,NA,NA,FALSE,"HCT116",NA,NA,NA,FALSE
"CXCR4","HCT116_vs_HT29",-3.53070788173898,8.63310360127622e-27,4.72648466492137e-26,TRUE,"HCT116",3.18220092376192,1.15096026655927e-20,1.57940299524281e-18,TRUE
"CXCR4","HCT116_vs_HT29",-3.53070788173898,8.63310360127622e-27,4.72648466492137e-26,TRUE,"HT29",1.06888912027548,2.62960758190391e-11,3.58666475962195e-10,TRUE
"CXCR4","HCT116_vs_HT29",-3.53070788173898,8.63310360127622e-27,4.72648466492137e-26,TRUE,"LS513",0.792212072697975,0.00490114529019203,0.0179065043399377,FALSE
"CXCR4","HCT116_vs_HT29",-3.53070788173898,8.63310360127622e-27,4.72648466492137e-26,TRUE,"LS174T",0.251750559584142,0.110428833644161,0.267858115912614,FALSE
"CXCR4","HCT116_vs_LS174T",-2.43504279772971,1.65384327786803e-13,5.42478423331682e-13,TRUE,"HCT116",3.18220092376192,1.15096026655927e-20,1.57940299524281e-18,TRUE
"CXCR4","HCT116_vs_LS174T",-2.43504279772971,1.65384327786803e-13,5.42478423331682e-13,TRUE,"HT29",1.06888912027548,2.62960758190391e-11,3.58666475962195e-10,TRUE
"CXCR4","HCT116_vs_LS174T",-2.43504279772971,1.65384327786803e-13,5.42478423331682e-13,TRUE,"LS513",0.792212072697975,0.00490114529019203,0.0179065043399377,FALSE
"CXCR4","HCT116_vs_LS174T",-2.43504279772971,1.65384327786803e-13,5.42478423331682e-13,TRUE,"LS174T",0.251750559584142,0.110428833644161,0.267858115912614,FALSE
"CXCR4","HT29_vs_LS174T",1.09566508400926,0.000640477351923931,0.00111223969603769,TRUE,"HCT116",3.18220092376192,1.15096026655927e-20,1.57940299524281e-18,TRUE
"CXCR4","HT29_vs_LS174T",1.09566508400926,0.000640477351923931,0.00111223969603769,TRUE,"HT29",1.06888912027548,2.62960758190391e-11,3.58666475962195e-10,TRUE
"CXCR4","HT29_vs_LS174T",1.09566508400926,0.000640477351923931,0.00111223969603769,TRUE,"LS513",0.792212072697975,0.00490114529019203,0.0179065043399377,FALSE
"CXCR4","HT29_vs_LS174T",1.09566508400926,0.000640477351923931,0.00111223969603769,TRUE,"LS174T",0.251750559584142,0.110428833644161,0.267858115912614,FALSE
"CXCR4","HT29_vs_LS513",2.01482714594121,4.36032889396009e-10,1.35643841662905e-09,TRUE,"HCT116",3.18220092376192,1.15096026655927e-20,1.57940299524281e-18,TRUE
"CXCR4","HT29_vs_LS513",2.01482714594121,4.36032889396009e-10,1.35643841662905e-09,TRUE,"HT29",1.06888912027548,2.62960758190391e-11,3.58666475962195e-10,TRUE
"CXCR4","HT29_vs_LS513",2.01482714594121,4.36032889396009e-10,1.35643841662905e-09,TRUE,"LS513",0.792212072697975,0.00490114529019203,0.0179065043399377,FALSE
"CXCR4","HT29_vs_LS513",2.01482714594121,4.36032889396009e-10,1.35643841662905e-09,TRUE,"LS174T",0.251750559584142,0.110428833644161,0.267858115912614,FALSE
"CXCR4","LS174T_vs_LS513",0.919162061931949,0.00450360346475797,0.00770339691459787,FALSE,"HCT116",3.18220092376192,1.15096026655927e-20,1.57940299524281e-18,TRUE
"CXCR4","LS174T_vs_LS513",0.919162061931949,0.00450360346475797,0.00770339691459787,FALSE,"HT29",1.06888912027548,2.62960758190391e-11,3.58666475962195e-10,TRUE
"CXCR4","LS174T_vs_LS513",0.919162061931949,0.00450360346475797,0.00770339691459787,FALSE,"LS513",0.792212072697975,0.00490114529019203,0.0179065043399377,FALSE
"CXCR4","LS174T_vs_LS513",0.919162061931949,0.00450360346475797,0.00770339691459787,FALSE,"LS174T",0.251750559584142,0.110428833644161,0.267858115912614,FALSE
"CXCR4","HCT116_vs_LS513",-1.51588073579777,4.99388924647254e-06,9.49531333585299e-06,TRUE,"HCT116",3.18220092376192,1.15096026655927e-20,1.57940299524281e-18,TRUE
"CXCR4","HCT116_vs_LS513",-1.51588073579777,4.99388924647254e-06,9.49531333585299e-06,TRUE,"HT29",1.06888912027548,2.62960758190391e-11,3.58666475962195e-10,TRUE
"CXCR4","HCT116_vs_LS513",-1.51588073579777,4.99388924647254e-06,9.49531333585299e-06,TRUE,"LS513",0.792212072697975,0.00490114529019203,0.0179065043399377,FALSE
"CXCR4","HCT116_vs_LS513",-1.51588073579777,4.99388924647254e-06,9.49531333585299e-06,TRUE,"LS174T",0.251750559584142,0.110428833644161,0.267858115912614,FALSE
"CXCR6","HT29_vs_LS174T",NA,NA,NA,FALSE,"LS513",NA,NA,NA,FALSE
"CXCR6","HT29_vs_LS174T",NA,NA,NA,FALSE,"LS174T",NA,NA,NA,FALSE
"CXCR6","HT29_vs_LS174T",NA,NA,NA,FALSE,"HT29",NA,NA,NA,FALSE
"CXCR6","HT29_vs_LS174T",NA,NA,NA,FALSE,"HCT116",NA,NA,NA,FALSE
"CXCR6","HT29_vs_LS513",NA,NA,NA,FALSE,"LS513",NA,NA,NA,FALSE
"CXCR6","HT29_vs_LS513",NA,NA,NA,FALSE,"LS174T",NA,NA,NA,FALSE
"CXCR6","HT29_vs_LS513",NA,NA,NA,FALSE,"HT29",NA,NA,NA,FALSE
"CXCR6","HT29_vs_LS513",NA,NA,NA,FALSE,"HCT116",NA,NA,NA,FALSE
"CXCR6","LS174T_vs_LS513",NA,NA,NA,FALSE,"LS513",NA,NA,NA,FALSE
"CXCR6","LS174T_vs_LS513",NA,NA,NA,FALSE,"LS174T",NA,NA,NA,FALSE
"CXCR6","LS174T_vs_LS513",NA,NA,NA,FALSE,"HT29",NA,NA,NA,FALSE
"CXCR6","LS174T_vs_LS513",NA,NA,NA,FALSE,"HCT116",NA,NA,NA,FALSE
"CXCR6","HCT116_vs_HT29",NA,NA,NA,FALSE,"LS513",NA,NA,NA,FALSE
"CXCR6","HCT116_vs_HT29",NA,NA,NA,FALSE,"LS174T",NA,NA,NA,FALSE
"CXCR6","HCT116_vs_HT29",NA,NA,NA,FALSE,"HT29",NA,NA,NA,FALSE
"CXCR6","HCT116_vs_HT29",NA,NA,NA,FALSE,"HCT116",NA,NA,NA,FALSE
"CXCR6","HCT116_vs_LS174T",NA,NA,NA,FALSE,"LS513",NA,NA,NA,FALSE
"CXCR6","HCT116_vs_LS174T",NA,NA,NA,FALSE,"LS174T",NA,NA,NA,FALSE
"CXCR6","HCT116_vs_LS174T",NA,NA,NA,FALSE,"HT29",NA,NA,NA,FALSE
"CXCR6","HCT116_vs_LS174T",NA,NA,NA,FALSE,"HCT116",NA,NA,NA,FALSE
"CXCR6","HCT116_vs_LS513",NA,NA,NA,FALSE,"LS513",NA,NA,NA,FALSE
"CXCR6","HCT116_vs_LS513",NA,NA,NA,FALSE,"LS174T",NA,NA,NA,FALSE
"CXCR6","HCT116_vs_LS513",NA,NA,NA,FALSE,"HT29",NA,NA,NA,FALSE
"CXCR6","HCT116_vs_LS513",NA,NA,NA,FALSE,"HCT116",NA,NA,NA,FALSE
