"Gene","log2FoldChange","pvalue","padj","Significant","Direction"
"CXCL9",NA,NA,NA,FALSE,"Not significant"
"CXCL10",1.39606537679225,0.0241521377933149,0.0455798751223001,TRUE,"Up in 3D"
"CXCL11",NA,NA,NA,FALSE,"Not significant"
"CXCR3",NA,NA,NA,FALSE,"Not significant"
"CCL3",NA,NA,NA,FALSE,"Not significant"
"CCL4",NA,NA,NA,FALSE,"Not significant"
"CCL5",1.93088409040271,3.6971113412089e-10,3.71696160344358e-09,TRUE,"Up in 3D"
"CCR5",NA,NA,NA,FALSE,"Not significant"
"CCL2",NA,NA,NA,FALSE,"Not significant"
"CCL7",NA,NA,NA,FALSE,"Not significant"
"CCL8",NA,NA,NA,FALSE,"Not significant"
"CCR2",-0.536072636672061,0.416124614898756,0.511366079894459,FALSE,"Not significant"
"CXCL12",NA,NA,NA,FALSE,"Not significant"
"CXCR4",1.24594167476435,6.67650954758914e-08,4.3703646026807e-07,TRUE,"Up in 3D"
"CXCL16",0.199541361823676,0.0561364789475058,0.0951437590098979,FALSE,"Not significant"
"CXCR6",NA,NA,NA,FALSE,"Not significant"
"CX3CL1",NA,NA,NA,FALSE,"Not significant"
"CX3CR1",NA,NA,NA,FALSE,"Not significant"
