"CellLine","Gene","log2FoldChange","pvalue","padj","Significant","Direction"
"HCT116","CXCL9",NA,NA,NA,FALSE,"Not significant"
"HCT116","CXCL10",2.32977573794623,0.313744667188241,NA,FALSE,"Not significant"
"HCT116","CXCL11",NA,NA,NA,FALSE,"Not significant"
"HCT116","CXCR3",NA,NA,NA,FALSE,"Not significant"
"HCT116","CCL3",NA,NA,NA,FALSE,"Not significant"
"HCT116","CCL4",NA,NA,NA,FALSE,"Not significant"
"HCT116","CCL5",1.73231291989385,0.0756916741946183,0.175035142598711,FALSE,"Not significant"
"HCT116","CCR5",NA,NA,NA,FALSE,"Not significant"
"HCT116","CCL2",NA,NA,NA,FALSE,"Not significant"
"HCT116","CCL7",NA,NA,NA,FALSE,"Not significant"
"HCT116","CCL8",NA,NA,NA,FALSE,"Not significant"
"HCT116","CCR2",NA,NA,NA,FALSE,"Not significant"
"HCT116","CXCL12",NA,NA,NA,FALSE,"Not significant"
"HCT116","CXCR4",3.18220092376192,1.15096026655927e-20,1.57940299524281e-18,TRUE,"Up in 3D"
"HCT116","CXCL16",0.351663719795158,0.018673778161894,0.0593364245237567,FALSE,"Not significant"
"HCT116","CXCR6",NA,NA,NA,FALSE,"Not significant"
"HCT116","CX3CL1",NA,NA,NA,FALSE,"Not significant"
"HCT116","CX3CR1",NA,NA,NA,FALSE,"Not significant"
"HT29","CXCL9",NA,NA,NA,FALSE,"Not significant"
"HT29","CXCL10",2.06123225045624,0.00910660676390268,0.0236513320181521,TRUE,"Up in 3D"
"HT29","CXCL11",NA,NA,NA,FALSE,"Not significant"
"HT29","CXCR3",NA,NA,NA,FALSE,"Not significant"
"HT29","CCL3",NA,NA,NA,FALSE,"Not significant"
"HT29","CCL4",NA,NA,NA,FALSE,"Not significant"
"HT29","CCL5",2.49756896233233,1.24036702705399e-05,6.30232946097462e-05,TRUE,"Up in 3D"
"HT29","CCR5",NA,NA,NA,FALSE,"Not significant"
"HT29","CCL2",NA,NA,NA,FALSE,"Not significant"
"HT29","CCL7",NA,NA,NA,FALSE,"Not significant"
"HT29","CCL8",NA,NA,NA,FALSE,"Not significant"
"HT29","CCR2",NA,NA,NA,FALSE,"Not significant"
"HT29","CXCL12",NA,NA,NA,FALSE,"Not significant"
"HT29","CXCR4",1.06888912027548,2.62960758190391e-11,3.58666475962195e-10,TRUE,"Up in 3D"
"HT29","CXCL16",-0.365324524760615,0.0151828916474646,0.037010103912602,FALSE,"Not significant"
"HT29","CXCR6",NA,NA,NA,FALSE,"Not significant"
"HT29","CX3CL1",NA,NA,NA,FALSE,"Not significant"
"HT29","CX3CR1",NA,NA,NA,FALSE,"Not significant"
"LS174T","CXCL9",NA,NA,NA,FALSE,"Not significant"
"LS174T","CXCL10",-1.32919587286794,0.559049741071801,NA,FALSE,"Not significant"
"LS174T","CXCL11",NA,NA,NA,FALSE,"Not significant"
"LS174T","CXCR3",NA,NA,NA,FALSE,"Not significant"
"LS174T","CCL3",NA,NA,NA,FALSE,"Not significant"
"LS174T","CCL4",NA,NA,NA,FALSE,"Not significant"
"LS174T","CCL5",NA,NA,NA,FALSE,"Not significant"
"LS174T","CCR5",NA,NA,NA,FALSE,"Not significant"
"LS174T","CCL2",NA,NA,NA,FALSE,"Not significant"
"LS174T","CCL7",NA,NA,NA,FALSE,"Not significant"
"LS174T","CCL8",NA,NA,NA,FALSE,"Not significant"
"LS174T","CCR2",-0.906640384693022,0.0857418804560455,0.229086262380193,FALSE,"Not significant"
"LS174T","CXCL12",NA,NA,NA,FALSE,"Not significant"
"LS174T","CXCR4",0.251750559584142,0.110428833644161,0.267858115912614,FALSE,"Not significant"
"LS174T","CXCL16",-0.061148228422708,0.69276916713628,0.820053655179131,FALSE,"Not significant"
"LS174T","CXCR6",NA,NA,NA,FALSE,"Not significant"
"LS174T","CX3CL1",NA,NA,NA,FALSE,"Not significant"
"LS174T","CX3CR1",NA,NA,NA,FALSE,"Not significant"
"LS513","CXCL9",NA,NA,NA,FALSE,"Not significant"
"LS513","CXCL10",NA,NA,NA,FALSE,"Not significant"
"LS513","CXCL11",NA,NA,NA,FALSE,"Not significant"
"LS513","CXCR3",NA,NA,NA,FALSE,"Not significant"
"LS513","CCL3",NA,NA,NA,FALSE,"Not significant"
"LS513","CCL4",NA,NA,NA,FALSE,"Not significant"
"LS513","CCL5",1.6658828523244,2.23610373135184e-07,3.08489913945919e-06,TRUE,"Up in 3D"
"LS513","CCR5",NA,NA,NA,FALSE,"Not significant"
"LS513","CCL2",NA,NA,NA,FALSE,"Not significant"
"LS513","CCL7",NA,NA,NA,FALSE,"Not significant"
"LS513","CCL8",NA,NA,NA,FALSE,"Not significant"
"LS513","CCR2",NA,NA,NA,FALSE,"Not significant"
"LS513","CXCL12",NA,NA,NA,FALSE,"Not significant"
"LS513","CXCR4",0.792212072697975,0.00490114529019203,0.0179065043399377,FALSE,"Not significant"
"LS513","CXCL16",0.707587664559103,2.55919470210799e-16,1.43840529165955e-14,FALSE,"Not significant"
"LS513","CXCR6",NA,NA,NA,FALSE,"Not significant"
"LS513","CX3CL1",NA,NA,NA,FALSE,"Not significant"
"LS513","CX3CR1",NA,NA,NA,FALSE,"Not significant"
